a 2 a a 0 2 a 0;0 2 a 0 a 2 a a;0 a 2 0 a a 2 a;a a 2 a 0 a 2 0;a 2 2 0 a a a 0;a a a 0 a 2 2 0;0 a a a 0 2 2 a;0 2 2 a 0 a a a;Z
0.34603060; -0.34603060; -0.34603064;0.34603064;0.34604236; -0.34604236; -0.34604238;0.34604238;200
0.34603127; -0.34603127; -0.34603131;0.34603131;0.34604168; -0.34604168; -0.34604170;0.34604170;205
0.34603185; -0.34603185; -0.34603190;0.34603190;0.34604109; -0.34604109; -0.34604111;0.34604111;210
0.34603235; -0.34603235; -0.34603240;0.34603240;0.34604058; -0.34604058; -0.34604059;0.34604059;215
0.34603279; -0.34603279; -0.34603284;0.34603284;0.34604013; -0.34604013; -0.34604015;0.34604015;220
0.34603318; -0.34603318; -0.34603322;0.34603322;0.34603974; -0.34603974; -0.34603976;0.34603976;225
0.34603351; -0.34603351; -0.34603356;0.34603356;0.34603940; -0.34603940; -0.34603942;0.34603942;230
0.34603381; -0.34603381; -0.34603385;0.34603385;0.34603910; -0.34603910; -0.34603912;0.34603912;235
0.34603407; -0.34603407; -0.34603411;0.34603411;0.34603884; -0.34603884; -0.34603885;0.34603885;240
0.34603430; -0.34603430; -0.34603434;0.34603434;0.34603860; -0.34603860; -0.34603862;0.34603862;245
0.34603450; -0.34603450; -0.34603455;0.34603455;0.34603840; -0.34603840; -0.34603841;0.34603841;250
0.34603468; -0.34603468; -0.34603473;0.34603473;0.34603821; -0.34603821; -0.34603823;0.34603823;255
0.34603484; -0.34603484; -0.34603489;0.34603489;0.34603805; -0.34603805; -0.34603806;0.34603806;260
0.34603499; -0.34603499; -0.34603503;0.34603503;0.34603791; -0.34603791; -0.34603792;0.34603792;265
0.34603511; -0.34603511; -0.34603516;0.34603516;0.34603778; -0.34603778; -0.34603779;0.34603779;270
0.34603523; -0.34603523; -0.34603527;0.34603527;0.34603766; -0.34603766; -0.34603767;0.34603767;275
0.34603533; -0.34603533; -0.34603538;0.34603538;0.34603756; -0.34603756; -0.34603757;0.34603757;280
0.34603542; -0.34603542; -0.34603547;0.34603547;0.34603746; -0.34603746; -0.34603747;0.34603747;285
0.34603551; -0.34603551; -0.34603555;0.34603555;0.34603738; -0.34603738; -0.34603739;0.34603739;290
0.34603558; -0.34603558; -0.34603563;0.34603563;0.34603730; -0.34603730; -0.34603731;0.34603731;295
0.34603565; -0.34603565; -0.34603569;0.34603569;0.34603723; -0.34603723; -0.34603724;0.34603724;300
0.34603571; -0.34603571; -0.34603576;0.34603576;0.34603717; -0.34603717; -0.34603718;0.34603718;305
0.34603577; -0.34603577; -0.34603581;0.34603581;0.34603711; -0.34603711; -0.34603713;0.34603713;310
0.34603582; -0.34603582; -0.34603586;0.34603586;0.34603706; -0.34603706; -0.34603707;0.34603707;315
0.34603586; -0.34603586; -0.34603591;0.34603591;0.34603701; -0.34603701; -0.34603703;0.34603703;320
0.34603590; -0.34603590; -0.34603595;0.34603595;0.34603697; -0.34603697; -0.34603698;0.34603698;325
0.34603594; -0.34603594; -0.34603599;0.34603599;0.34603693; -0.34603693; -0.34603695;0.34603695;330
0.34603598; -0.34603598; -0.34603602;0.34603602;0.34603690; -0.34603690; -0.34603691;0.34603691;335
0.34603601; -0.34603601; -0.34603605;0.34603605;0.34603687; -0.34603687; -0.34603688;0.34603688;340
0.34603604; -0.34603604; -0.34603608;0.34603608;0.34603684; -0.34603684; -0.34603685;0.34603685;345
0.34603607; -0.34603607; -0.34603611;0.34603611;0.34603681; -0.34603681; -0.34603682;0.34603682;350
0.34603609; -0.34603609; -0.34603614;0.34603614;0.34603678; -0.34603678; -0.34603680;0.34603680;355
0.34603611; -0.34603611; -0.34603616;0.34603616;0.34603676; -0.34603676; -0.34603677;0.34603677;360
0.34603613; -0.34603613; -0.34603618;0.34603618;0.34603674; -0.34603674; -0.34603675;0.34603675;365
0.34603615; -0.34603615; -0.34603620;0.34603620;0.34603672; -0.34603672; -0.34603673;0.34603673;370
0.34603617; -0.34603617; -0.34603622;0.34603622;0.34603670; -0.34603670; -0.34603671;0.34603671;375
0.34603619; -0.34603619; -0.34603623;0.34603623;0.34603669; -0.34603669; -0.34603670;0.34603670;380
0.34603620; -0.34603620; -0.34603625;0.34603625;0.34603667; -0.34603667; -0.34603668;0.34603668;385
0.34603622; -0.34603622; -0.34603626;0.34603626;0.34603666; -0.34603666; -0.34603667;0.34603667;390
0.34603623; -0.34603623; -0.34603627;0.34603627;0.34603664; -0.34603664; -0.34603666;0.34603666;395
0.34603624; -0.34603624; -0.34603629;0.34603629;0.34603663; -0.34603663; -0.34603664;0.34603664;400
0.34603625; -0.34603625; -0.34603630;0.34603630;0.34603662; -0.34603662; -0.34603663;0.34603663;405
0.34603626; -0.34603626; -0.34603631;0.34603631;0.34603661; -0.34603661; -0.34603662;0.34603662;410
0.34603627; -0.34603627; -0.34603632;0.34603632;0.34603660; -0.34603660; -0.34603661;0.34603661;415
0.34603628; -0.34603628; -0.34603633;0.34603633;0.34603659; -0.34603659; -0.34603660;0.34603660;420
0.34603629; -0.34603629; -0.34603633;0.34603633;0.34603658; -0.34603658; -0.34603659;0.34603659;425
0.34603630; -0.34603630; -0.34603634;0.34603634;0.34603657; -0.34603657; -0.34603659;0.34603659;430
0.34603630; -0.34603630; -0.34603635;0.34603635;0.34603657; -0.34603657; -0.34603658;0.34603658;435
0.34603631; -0.34603631; -0.34603636;0.34603636;0.34603656; -0.34603656; -0.34603657;0.34603657;440
0.34603632; -0.34603632; -0.34603636;0.34603636;0.34603655; -0.34603655; -0.34603657;0.34603657;445
0.34603632; -0.34603632; -0.34603637;0.34603637;0.34603655; -0.34603655; -0.34603656;0.34603656;450
0.34603633; -0.34603633; -0.34603637;0.34603637;0.34603654; -0.34603654; -0.34603655;0.34603655;455
0.34603633; -0.34603633; -0.34603638;0.34603638;0.34603654; -0.34603654; -0.34603655;0.34603655;460
0.34603634; -0.34603634; -0.34603638;0.34603638;0.34603653; -0.34603653; -0.34603654;0.34603654;465
0.34603634; -0.34603634; -0.34603639;0.34603639;0.34603653; -0.34603653; -0.34603654;0.34603654;470
0.34603635; -0.34603635; -0.34603639;0.34603639;0.34603652; -0.34603652; -0.34603653;0.34603653;475
0.34603635; -0.34603635; -0.34603640;0.34603640;0.34603652; -0.34603652; -0.34603653;0.34603653;480
0.34603635; -0.34603635; -0.34603640;0.34603640;0.34603651; -0.34603651; -0.34603653;0.34603653;485
0.34603636; -0.34603636; -0.34603640;0.34603640;0.34603651; -0.34603651; -0.34603652;0.34603652;490
0.34603636; -0.34603636; -0.34603641;0.34603641;0.34603651; -0.34603651; -0.34603652;0.34603652;495
0.34603636; -0.34603636; -0.34603641;0.34603641;0.34603650; -0.34603650; -0.34603652;0.34603652;500
0.34603637; -0.34603637; -0.34603641;0.34603641;0.34603650; -0.34603650; -0.34603651;0.34603651;505
0.34603637; -0.34603637; -0.34603642;0.34603642;0.34603650; -0.34603650; -0.34603651;0.34603651;510
0.34603637; -0.34603637; -0.34603642;0.34603642;0.34603650; -0.34603650; -0.34603651;0.34603651;515
0.34603638; -0.34603638; -0.34603642;0.34603642;0.34603649; -0.34603649; -0.34603651;0.34603651;520
0.34603638; -0.34603638; -0.34603642;0.34603642;0.34603649; -0.34603649; -0.34603650;0.34603650;525
0.34603638; -0.34603638; -0.34603643;0.34603643;0.34603649; -0.34603649; -0.34603650;0.34603650;530
0.34603638; -0.34603638; -0.34603643;0.34603643;0.34603649; -0.34603649; -0.34603650;0.34603650;535
0.34603638; -0.34603638; -0.34603643;0.34603643;0.34603648; -0.34603648; -0.34603650;0.34603650;540
0.34603639; -0.34603639; -0.34603643;0.34603643;0.34603648; -0.34603648; -0.34603649;0.34603649;545
0.34603639; -0.34603639; -0.34603643;0.34603643;0.34603648; -0.34603648; -0.34603649;0.34603649;550
0.34603639; -0.34603639; -0.34603643;0.34603643;0.34603648; -0.34603648; -0.34603649;0.34603649;555
0.34603639; -0.34603639; -0.34603644;0.34603644;0.34603648; -0.34603648; -0.34603649;0.34603649;560
0.34603639; -0.34603639; -0.34603644;0.34603644;0.34603648; -0.34603648; -0.34603649;0.34603649;565
0.34603639; -0.34603639; -0.34603644;0.34603644;0.34603647; -0.34603647; -0.34603649;0.34603649;570
0.34603640; -0.34603640; -0.34603644;0.34603644;0.34603647; -0.34603647; -0.34603649;0.34603649;575
0.34603640; -0.34603640; -0.34603644;0.34603644;0.34603647; -0.34603647; -0.34603648;0.34603648;580
0.34603640; -0.34603640; -0.34603644;0.34603644;0.34603647; -0.34603647; -0.34603648;0.34603648;585
0.34603640; -0.34603640; -0.34603644;0.34603644;0.34603647; -0.34603647; -0.34603648;0.34603648;590
0.34603640; -0.34603640; -0.34603645;0.34603645;0.34603647; -0.34603647; -0.34603648;0.34603648;595
0.34603640; -0.34603640; -0.34603645;0.34603645;0.34603647; -0.34603647; -0.34603648;0.34603648;600
